author	clean_title	created_utc	domain	hasImage	id	image_url	linked_submission_id	num_comments	score	subreddit	title	upvote_ratio	2_way_label	3_way_label	6_way_label
oliviascankles	a charity called mirys list has donated to over new refugees by helping them create amazon wish lists for essential household items	1533875204	miryslist.org	TRUE	963smi	https://external-preview.redd.it/HCYF6Xg9xZREXkXD9iUlqmnEzQHUFYtbaHnTA7BqF04.jpg?width=320&crop=smart&auto=webp&s=298b7c988fa1cbc55c50186ed5b5a69f6210c18b	NA	0	7	upliftingnews	A charity called Miry's List has donated to over 1400 new refugees by helping them create Amazon wish lists for essential household items	0.74	1	0	0
PM_ME_LESBIAN_GIRLS	this toad that my friend drew	1452425877	i.imgur.com	TRUE	40azrw	https://external-preview.redd.it/W9SwgzVMzFW13gzZNaBe1qPii9r_USMpOQFButfdXUk.jpg?width=320&crop=smart&auto=webp&s=5a6291418bdeeca10522d7757d6033b84831b12d	NA	0	13	misleadingthumbnails	This toad that my friend drew	0.89	0	2	2
NA	a kfc employee molded mashed potatoes into a boob licked it posted facebook pictures and got fired	1361546517	dailydot.com	TRUE	190vbs	https://external-preview.redd.it/kKerK7tZfcN5LN8ayUn6wV2_5DpFqVMaaqtOrlINTHI.jpg?width=320&crop=smart&auto=webp&s=f8ea161e1e9f38820e7efe3d7cee1cc4d7ffbaa3	NA	3	5	nottheonion	A KFC employee molded mashed potatoes into a boob, licked it, posted Facebook pictures … and got fired	0.67	1	0	0
isthisnotaname	took this for the clouds without realizing the plane was there	1555709986	i.redd.it	TRUE	bf4or3	https://preview.redd.it/ae52q5tziat21.jpg?width=320&crop=smart&auto=webp&s=1ef1fdd78ff948e0411540f0c576ff86b9392392	NA	9	14	mildlyinteresting	Took this for the clouds without realizing the plane was there.	0.69	1	0	0
HoidsFlute	help me	1535486610	imgur.com	TRUE	9b29fe	https://external-preview.redd.it/TLQsV2PNPXEq88puucih0AxvueBfSMbGtqVPVA6C6Mw.jpg?width=320&crop=smart&auto=webp&s=d2cff0861992712cae736c12b8a53c6b1197fd89	NA	0	4	pareidolia	Help me!	0.76	0	2	2
RiceFieldRapist	crease motion	1569330799	i.redd.it	TRUE	d8n0ll	https://preview.redd.it/kvrdw22okjo31.jpg?width=320&crop=smart&auto=webp&s=a0fc0a3f16d3c5ed7b9f0ccdf5fedf44cd96da41	NA	6	197	fakealbumcovers	Crease - Motion	0.97	0	2	1
blue_awning	mouthswaps make everyone look sad	1430574199	NA	TRUE	cqw0cl1	http://i.imgur.com/shaaJuz.jpg	34m60h	NA	508	psbattle_artwork	Mouthswaps make everyone look sad	NA	0	2	4
Floogernaut	guy swimming with a crocodile	1500909658	i.redd.it	TRUE	6p91ut	https://preview.redd.it/hnjpxuqh5kbz.jpg?width=320&crop=smart&auto=webp&s=dee1db727d6da082ab70b9f8e53d24baa4e09925	NA	2	5	photoshopbattles	PsBattle: Guy swimming with a crocodile	0.79	1	0	0
DeltaIndiaCharlieKil	so what do you want to do then i want to dance	1392184251	NA	TRUE	cfd8tju	http://i.imgur.com/2OvX64i.jpg	1xn8ka	NA	44	psbattle_artwork	"""So... what do you want to do then?"" ""I want to dance!"""	NA	0	2	4
thatgreenbassguy	look what i made	1482013738	NA	TRUE	dbbkmn9	http://i.imgur.com/NELOAnX.jpg	5iukgn	NA	406	psbattle_artwork	Look what I made	NA	0	2	4
such_is_lyf	arch rock mackinac island mi ocx	1532449171	i.imgur.com	TRUE	91itvy	https://external-preview.redd.it/xCJW9qb_Fy8gLux2IpscoZ6g5Ay82gQpzMgRX6bJD0E.jpg?width=320&crop=smart&auto=webp&s=061192d0f7a9e8c74a17d63c6d031f1c07074d47	NA	0	10	confusing_perspective	Arch Rock, Mackinac Island, MI [OC](1536x2048)	0.82	0	2	2
Diakonos	i have four different sizes of the same stew	1568353178	i.redd.it	TRUE	d3kqu8	https://preview.redd.it/38kghdlftam31.jpg?width=320&crop=smart&auto=webp&s=f4d20626d1530cccf6b155eb3d559bb25672f3af	NA	3	22	mildlyinteresting	I have four different sizes of the same stew.	0.76	1	0	0
trot-trot	a sinkhole is seen two miles to the east of the solikamsk mine in the perm region of russia on	1454264208	img.washingtonpost.com	TRUE	43k55e	https://external-preview.redd.it/7YNCQNI5adEgke1nIh0Wz32wnNi3q5b_xBg2AFup5Eg.jpg?width=320&crop=smart&auto=webp&s=526c8b685e51f546a70f2d78468250cbab0cfd8f	NA	5	5	photoshopbattles	"PsBattle: ""A sinkhole is seen two miles to the east of the Solikamsk-2 mine in the Perm region of Russia [on 20 November 2014]."""	0.85	1	0	0
UnPlug12	or maybe baaaaahleive	1425673272	NA	TRUE	cp6l32r	http://i.imgur.com/TOoQNWW.jpg	2y4o5g	NA	11	psbattle_artwork	Or maybe Baaaaah-leive	NA	0	2	4
ApiContraption	other discussions	1390177387	NA	TRUE	cetsahe	http://i.imgur.com/HO63Ca6%2ejpg	1vmqdk	NA	1	psbattle_artwork	Other Discussions	NA	0	2	4
Khaleeasi24	scotland bans cheap booze	1525310628	denver.cbslocal.com	TRUE	8gmn14	https://external-preview.redd.it/5OwKsqRsbRdw0nA950KHNy8Ahllw_zyvsqX1kK-L12E.jpg?width=320&crop=smart&auto=webp&s=85d8b0e34f1ae9220922930c371db642fffe7678	NA	6	67	nottheonion	Scotland Bans Cheap Booze	0.97	1	0	0
TerpinOne	this giant moth hanging out at my doctors office	1538146510	i.redd.it	TRUE	9jnnd8	https://preview.redd.it/pk3h2omrtzo11.jpg?width=320&crop=smart&auto=webp&s=5ecce6e02c4edf3a76946237435f4079892f6ecf	NA	10	14	mildlyinteresting	This giant moth hanging out at my doctor’s office	0.78	1	0	0
Haayoaie	british tourist arrested after posing for nude photos at machu picchu	1457092023	theguardian.com	TRUE	48x0dt	https://external-preview.redd.it/axB36ZXbFV1cSnZ2WqGALCe8AwJ1lNFNFYUu1BSzSt0.jpg?width=320&crop=smart&auto=webp&s=b6c6fcd342549996863431a7473fc080751506e1	NA	19	138	nottheonion	British tourist arrested after posing for nude photos at Machu Picchu	0.86	1	0	0
Dinokknd	yeehaw	1345075553	NA	TRUE	c5ts9y4	http://i.imgur.com/MfH86.jpg	ya3zv	NA	6	psbattle_artwork	Yeehaw	NA	0	2	4
calumtaylor	my dads car key knows whats up	1357076341	imgur.com	TRUE	15se1l	https://external-preview.redd.it/c87L-r4619a5NKncjVv2vYc8bRpP1y9rdiUmJyNsVcw.jpg?width=320&crop=smart&auto=webp&s=3886a5414f10c7fd9ac2d536ecfa0b8baee80aa6	NA	3	10	pareidolia	My dads car key knows what's up!	0.85	0	2	2
chusurus	viscous otter eating a crocodile	1376018676	i.imgur.com	TRUE	1k05c3	https://external-preview.redd.it/GfbbnM7Zp4-9r1gg_2IBhyIFJvXhDx-aMPmvG84kEm4.jpg?width=320&crop=smart&auto=webp&s=6a89c5d8837bdf1271b5190f914b7f20a0529526	NA	1	8	photoshopbattles	Viscous otter eating a crocodile.	0.75	1	0	0
cats_SS	salems eyes were closed in the litter box and lay back down but he wanted to play ded	1531515507	vr.humlab.lu.se	TRUE	8ynq3y	https://external-preview.redd.it/adcBG99ILOMWaBvu8PCnsbLxZbwVess05XN-YWi_dq4.jpg?width=216&crop=smart&auto=webp&s=ee1af6634a989681380ee8fb66f8cbf7251666ce	NA	20	6	subredditsimulator	Salem's eyes were closed in the litter box and lay back down but he wanted to play ded	1	0	2	3
dadsspaghetti	california bmx bikers apologize for doing tricks over homeless people	1394819274	nydailynews.com	TRUE	20f25a	https://external-preview.redd.it/paI1zMZQEmWBQrL0Z2LUeBS9EM8VWCGoDwhzum72DYo.jpg?width=320&crop=smart&auto=webp&s=4def1b1b5794022d991de50727f285e63c9a3817	NA	1	17	nottheonion	California BMX bikers apologize for doing tricks over homeless people	0.86	1	0	0
CryingHero	low budget thor and hulk	1510261992	i.imgur.com	TRUE	7bwdoc	https://external-preview.redd.it/avrLPVxMor57ywjPvBwuZGDBTKzqZj-jx_HfJX-sq8I.png?width=320&crop=smart&auto=webp&s=e02968a6b561ab62c57cb811d4f17760bb50954f	NA	2	3	photoshopbattles	PsBattle: Low budget Thor and Hulk	0.62	1	0	0
amydunnes	this kitten with paws up	1560121842	i.redd.it	TRUE	byqgcp	https://preview.redd.it/aspw4uyoxe331.jpg?width=320&crop=smart&auto=webp&s=55335eec8a70ba5a9298b8892552a3cf3e0bc26c	NA	7	843	photoshopbattles	PsBattle: This kitten with paws up	0.97	1	0	0
malphasia	carlos fierro leaves become most beautiful when theyre about to die	1443303245	i.imgur.com	TRUE	3midsj	https://external-preview.redd.it/Tb5eQEYGys94JRXtNCNzUf0yej6rHpUQ4dFs3AjITYI.jpg?width=320&crop=smart&auto=webp&s=6169c0a5629bc673186c5a0c8a819290f89e32e6	NA	6	28	fakealbumcovers	Carlos Fierro - Leaves Become Most Beautiful When They're About to Die	0.98	0	2	1
scottebro	this jurassic park car i saw today	1550939427	i.redd.it	TRUE	atx5lh	https://preview.redd.it/832uvx0ohci21.jpg?width=320&crop=smart&auto=webp&s=f52cd3c1a3548f09a0452a8d3efb73e5604682af	NA	8	22	mildlyinteresting	This jurassic park car i saw today	0.87	1	0	0
BobbyARandomGuy	el macho	1434116502	NA	TRUE	cs473wa	http://i.imgur.com/c9iuzjF.jpg	39h3xb	NA	2	psbattle_artwork	El Macho!!!	NA	0	2	4
katzenjammer360	check out the size of this hog i shot southern illinois	1386430422	i.imgur.com	TRUE	1sbj2b	https://external-preview.redd.it/jqv2MzqNV36xPk1Vox5GUt1b14cACRjvRmYVEDMYdcg.jpg?width=320&crop=smart&auto=webp&s=69e750b63480b2ed169c8e57009aa55eb81daa86	NA	16	331	misleadingthumbnails	Check out the size of this hog I shot! Southern Illinois.	0.9	0	2	2
theleftnippleofjesus	obvious alterations	1406677044	NA	TRUE	cjbi1ce	http://i.imgur.com/3QJeEO7.jpg	2c34og	NA	4	psbattle_artwork	Obvious alterations	NA	0	2	4
avidadmirer	and dipped in chocolate	1468105869	NA	TRUE	d5618tu	http://i.imgur.com/mH6QtmX.jpg	4s0i6f	NA	1	psbattle_artwork	And dipped in chocolate.	NA	0	2	4
Synprime	bamf	1485385826	NA	TRUE	dcwqbyr	http://i.imgur.com/4q59MTl.jpg	5q5bpt	NA	2	psbattle_artwork	BAMF	NA	0	2	4
j_zhill	the town thats found a potent cure for illness community	1519347335	web.archive.org	TRUE	7zk183	https://external-preview.redd.it/D5JLrucJixUaSmvUTFOMCNofg45xQ86QfYEVxhmdjyw.jpg?width=320&crop=smart&auto=webp&s=9801c00961c1452b41dc9f2a3f25be08128a15d7	NA	2	30	savedyouaclick	The town that’s found a potent cure for illness – community | The town is Frome in Somerset, the cure involves an intervention to reduce isolation amongst people who have health problems	0.83	0	2	5
esleep	dont feed it after midnight	1339614787	NA	TRUE	c505cjz	http://i.imgur.com/kX1ru.jpg	uzzae	NA	38	psbattle_artwork	Don't feed it after midnight	NA	0	2	4
UelitheLandagelv	disappointment	1433929175	NA	TRUE	cs1m4uk	http://i.imgur.com/Pni4dnd.jpg	397vio	NA	1	psbattle_artwork	disappointment	NA	0	2	4
SGI256	view of the underside of the golden gate bridge in the fog	1565934510	i.redd.it	TRUE	cr23yw	https://preview.redd.it/t9in4tfq1rg31.jpg?width=320&crop=smart&auto=webp&s=f94e41306f5d928851b23409e72143d4a157caf9	NA	4	16	mildlyinteresting	View of the underside of the Golden Gate bridge in the fog	0.91	1	0	0
setentaydos	over enthusiastic rebel at hoth	1418938303	NA	TRUE	cmyydt5	http://i.imgur.com/NwfjSc9.jpg	2ppuif	NA	10	psbattle_artwork	Over enthusiastic rebel at Hoth.	NA	0	2	4
eaistman1200	a kid throwing a shotput	1482980427	i.imgur.com	TRUE	5kuh2z	https://external-preview.redd.it/Q2wiezArOqKmR3JbSBtqNHpwz1mvynHcdxCzR03hUUc.jpg?width=320&crop=smart&auto=webp&s=bb26e87d18600eee28b8c5beb5541a508ee3cf8a	NA	2	4	photoshopbattles	PsBattle: A kid throwing a shotput	1	1	0	0
I_read_this_comment	help i cant hold on for much longer	1434215456	NA	TRUE	cs5dwzz	http://i.imgur.com/qZSUkPU.jpg	39oraj	NA	97	psbattle_artwork	Help! I cant hold on for much longer!	NA	0	2	4
Trip_Tank	general custer is approaching sir	1566468037	i.redd.it	TRUE	ctv8zj	https://preview.redd.it/oqbg79w22zh31.png?width=320&crop=smart&auto=webp&s=82c40254348fee01c4d6a3ebfb7bcdc2a1f2e317	NA	0	11	fakehistoryporn	General Custer is approaching sir!! (1876)	0.84	0	2	2
AFCBlink	marc trace regression	1490392863	i.redd.it	TRUE	61bzmr	https://preview.redd.it/khsdnm2nhfny.jpg?width=320&crop=smart&auto=webp&s=971f5f70898514f010ffce6b5e6784c8887d45a5	NA	1	8	fakealbumcovers	Marc Trace - Regression	1	0	2	1
TheSteelCoconut	new soccer ball design for the world cup	1557523235	i.imgur.com	TRUE	bn3zie	https://external-preview.redd.it/daahJH2kek87p42lGBPkRFNNiNMmTzsUWcGAcnWJCG0.jpg?width=320&crop=smart&auto=webp&s=42f036a276bb8be56dbf0dddab8c122d76ced8a1	NA	0	9	misleadingthumbnails	New soccer ball design for the World Cup 2020	0.77	0	2	2
Erratic_Penguin	czechoslovakia reacts to the munich agreement	1565876757	i.redd.it	TRUE	cqq1aj	https://preview.redd.it/lh4k0zv0amg31.jpg?width=320&crop=smart&auto=webp&s=cbc6483748cb447eee721929a899b362a4ebc987	NA	0	4	fakehistoryporn	Czechoslovakia reacts to the Munich Agreement. (1938, colorized)	0.83	0	2	2
neo_did_it_first	no one is breaking into this house	1531466679	NA	TRUE	e2b0qu2	https://i.imgur.com/6sx3N22.jpg	8yfluk	NA	877	psbattle_artwork	No one is breaking into this house!	NA	0	2	4
Shawnsayss	sign by my house	1560811235	i.redd.it	TRUE	c1u9x6	https://preview.redd.it/5dockeqlvz431.jpg?width=320&crop=smart&auto=webp&s=ab0c70bfafeb56013df8ad9b302ed16a61bd9e2e	NA	5	20	mildlyinteresting	Sign by my house	0.88	1	0	0
NSFW_PORN_ONLY	cat on a tree	1385583901	i.imgur.com	TRUE	1rlgvd	https://external-preview.redd.it/lltBrSsIn_MQ9UFrZg2GxNio3FJVZc0KdVIOKcZAlb4.jpg?width=320&crop=smart&auto=webp&s=5d3cfca6c07bd2b7366e1a285693ef95ad8df799	NA	3	10	photoshopbattles	Cat on a tree	0.63	1	0	0
alanbchk	the force is strong with this one	1386419820	NA	TRUE	cdvsg6x	http://i.imgur.com/itHcvrR.jpg	1saqlm	NA	528	psbattle_artwork	The force is strong with this one	NA	0	2	4
SetMau92	help on wheels ohio couples carts help disabled dogs stay mobile	1555621096	dispatch.com	TRUE	beqncs	https://external-preview.redd.it/1PfG-VFy2yIGKX7LkeCA9la7mGIG48nUJyrwndDpc9w.jpg?width=320&crop=smart&auto=webp&s=157f8fc3ed0e18ec3891d2c5c3606beafe5d8a5f	NA	6	822	upliftingnews	Help on wheels: Ohio couple’s carts help disabled dogs stay mobile	0.96	1	0	0
chickadee35	i found a jelly fetus in my jelly babies	1561585623	i.redd.it	TRUE	c5wicp	https://preview.redd.it/uoflev2aur631.jpg?width=320&crop=smart&auto=webp&s=643fdc89e5f4ed19b93b93a521712b4c6dcaaab8	NA	6	10	mildlyinteresting	I found a Jelly fetus in my Jelly Babies	0.7	1	0	0
frellus	schizophrenia angry avatars help people stop hearing voices by shouting at them	1511555287	newsweek.com	TRUE	7fa4bu	https://external-preview.redd.it/u-rkNcDfHPY_B1IJ0_7zxFXDWzAiCAKGmsXzQZzWyp0.jpg?width=320&crop=smart&auto=webp&s=f54c36e07f3affb5970d38f7f16c26b4cd3a02e6	NA	34	837	nottheonion	Schizophrenia: Angry Avatars Help People Stop Hearing Voices by Shouting at Them	0.94	1	0	0
